Feature,Variable,Space,Method,Subfolder,Classes,Separation Vector
SEED PEARL,color,w,ShapleyVec_True_0.5_18_color_LR,ShapleyVec_beauty/color/,"SEED PEARL, FUJI SNOW, ORANGE ESSENTIAL, RIVIERA BEACH, NECRON COMPOUND, WOODEN CABIN, AMERICAN ROAST, ANTIQUITY, NEPAL, FIREBIRD TAIL LIGHTS, CHAI TEA, VENOM WYRM, SUPERIOR BRONZE, ALPHA BLUE, FALU RED, CRUSADE KING, AWARD BLUE, PITMASTON PEAR YELLOW","[-0.0637  0.      0.      0.      0.      0.1749  0.      0.     -0.058
  0.      0.      0.      0.      0.      0.      0.      0.      0.
  0.      0.      0.      0.      0.      0.      0.      0.      0.
  0.      0.      0.      0.      0.      0.      0.      0.      0.
  0.      0.      0.1547  0.      0.      0.      0.      0.      0.
  0.      0.      0.      0.      0.      0.      0.      0.      0.
  0.      0.      0.      0.      0.      0.      0.      0.0692  0.
  0.      0.      0.      0.      0.      0.      0.0329  0.      0.
  0.      0.      0.      0.      0.      0.      0.     -0.1551  0.
  0.      0.      0.     -0.0637  0.      0.      0.     -0.1255  0.
  0.0072  0.     -0.305   0.      0.      0.      0.      0.      0.
  0.      0.0321  0.      0.      0.      0.      0.      0.      0.
  0.      0.      0.      0.      0.      0.      0.      0.      0.
  0.      0.      0.      0.0167  0.      0.     -0.0733  0.      0.
  0.      0.      0.     -0.1083  0.      0.      0.      0.0376  0.
  0.0269  0.      0.      0.      0.      0.      0.      0.      0.
  0.      0.      0.      0.     -0.227   0.      0.      0.      0.
  0.      0.      0.      0.      0.      0.     -0.0275  0.      0.
  0.      0.      0.0972  0.     -0.2061  0.      0.      0.      0.0098
  0.      0.      0.      0.      0.     -0.1947  0.      0.      0.
  0.      0.      0.      0.      0.      0.      0.      0.      0.
  0.      0.      0.      0.      0.      0.      0.      0.      0.
  0.      0.0339 -0.0345  0.173   0.      0.0769  0.1284  0.      0.
  0.      0.      0.      0.      0.      0.     -0.0294  0.      0.
  0.      0.      0.     -0.1339  0.      0.      0.      0.      0.
  0.      0.      0.      0.      0.      0.      0.     -0.0559 -0.1235
  0.      0.      0.      0.      0.      0.      0.      0.      0.
 -0.1412  0.      0.      0.      0.      0.     -0.124   0.      0.
  0.      0.      0.      0.      0.      0.0079  0.      0.      0.
 -0.0583  0.      0.      0.     -0.1052  0.      0.1232  0.      0.
  0.      0.      0.      0.      0.      0.      0.      0.      0.0015
  0.      0.     -0.0428  0.      0.     -0.0096  0.      0.      0.
  0.      0.     -0.06    0.      0.      0.      0.      0.      0.
  0.      0.1755  0.      0.      0.      0.      0.      0.      0.
  0.      0.      0.      0.1286  0.      0.0789  0.      0.      0.
  0.      0.      0.      0.      0.     -0.055   0.      0.      0.
  0.      0.      0.      0.      0.     -0.0932  0.      0.      0.
  0.     -0.1681  0.     -0.0692  0.      0.      0.      0.      0.
  0.      0.     -0.0852  0.      0.      0.      0.     -0.0387 -0.0336
 -0.11    0.      0.      0.      0.      0.      0.     -0.1316  0.
  0.     -0.1384  0.      0.0865  0.      0.      0.0727  0.      0.
  0.      0.      0.      0.      0.      0.      0.     -0.0366  0.
  0.      0.      0.      0.      0.      0.      0.      0.      0.
  0.0366  0.      0.      0.      0.      0.      0.      0.      0.
  0.      0.      0.      0.      0.      0.      0.      0.      0.
  0.     -0.0774  0.      0.      0.      0.      0.      0.      0.
  0.      0.     -0.4243  0.      0.      0.      0.      0.     -0.018
  0.      0.      0.      0.      0.0444  0.      0.1126  0.      0.
  0.      0.      0.      0.      0.      0.      0.      0.1438  0.0469
  0.      0.      0.      0.     -0.1409 -0.0153 -0.0445  0.      0.
 -0.1016  0.      0.      0.      0.      0.      0.      0.      0.
  0.      0.      0.      0.      0.      0.      0.      0.      0.
  0.      0.      0.      0.      0.0413  0.      0.      0.      0.
  0.     -0.0756  0.     -0.0797  0.     -0.0584  0.     -0.0854  0.
  0.      0.      0.      0.      0.     -0.0299  0.      0.      0.
  0.      0.      0.      0.      0.      0.      0.0109  0.1271  0.
  0.      0.      0.      0.      0.      0.      0.      0.    ]"
FUJI SNOW,color,w,ShapleyVec_True_0.5_18_color_LR,ShapleyVec_beauty/color/,"SEED PEARL, FUJI SNOW, ORANGE ESSENTIAL, RIVIERA BEACH, NECRON COMPOUND, WOODEN CABIN, AMERICAN ROAST, ANTIQUITY, NEPAL, FIREBIRD TAIL LIGHTS, CHAI TEA, VENOM WYRM, SUPERIOR BRONZE, ALPHA BLUE, FALU RED, CRUSADE KING, AWARD BLUE, PITMASTON PEAR YELLOW","[ 0.      0.      0.      0.      0.      0.      0.      0.     -0.1074
  0.     -0.2102  0.      0.      0.      0.      0.     -0.0142  0.
  0.      0.      0.      0.      0.      0.      0.      0.      0.
  0.      0.      0.      0.      0.      0.      0.      0.      0.
  0.      0.      0.0652  0.      0.      0.      0.      0.      0.
  0.      0.      0.      0.      0.      0.      0.      0.      0.
 -0.113  -0.2347 -0.0563  0.      0.      0.      0.      0.      0.1366
  0.      0.      0.      0.      0.      0.      0.0769 -0.0809  0.
  0.      0.     -0.0753  0.      0.      0.      0.     -0.1166  0.
  0.      0.      0.      0.      0.      0.      0.      0.      0.
  0.      0.     -0.0383  0.      0.     -0.065   0.      0.      0.
  0.     -0.1298 -0.1042  0.      0.0944  0.      0.      0.      0.
  0.      0.      0.      0.      0.     -0.0322  0.     -0.1675 -0.1058
  0.      0.      0.      0.0089  0.      0.     -0.1199  0.      0.
  0.      0.      0.      0.      0.      0.     -0.2421  0.      0.
 -0.0705  0.      0.      0.      0.      0.      0.      0.      0.
  0.      0.      0.      0.     -0.0801  0.      0.      0.      0.0507
  0.      0.      0.      0.      0.     -0.0443  0.      0.      0.
  0.      0.      0.      0.      0.      0.      0.      0.      0.
  0.      0.0639  0.      0.      0.     -0.1893  0.      0.      0.
  0.      0.      0.      0.      0.      0.      0.      0.      0.
 -0.1667  0.      0.      0.      0.      0.      0.     -0.1087  0.104
  0.      0.      0.      0.0016  0.      0.      0.0537  0.      0.
  0.      0.      0.      0.      0.      0.      0.      0.      0.
  0.      0.      0.     -0.1358  0.      0.      0.      0.      0.2152
  0.      0.      0.      0.      0.      0.      0.      0.      0.
  0.      0.      0.      0.      0.      0.      0.      0.      0.
  0.0175  0.     -0.1497  0.      0.      0.     -0.0946  0.      0.
  0.      0.0117  0.      0.      0.      0.0558  0.      0.      0.
 -0.2007  0.      0.      0.     -0.1249  0.      0.      0.      0.
  0.     -0.0963  0.      0.      0.      0.      0.      0.      0.
  0.      0.     -0.1535  0.      0.      0.0661  0.      0.      0.
  0.      0.      0.0801  0.      0.      0.      0.      0.      0.
 -0.0549  0.      0.      0.      0.      0.      0.     -0.0992  0.
  0.      0.0228  0.      0.0951  0.     -0.0649  0.      0.0205  0.
  0.      0.      0.      0.      0.      0.      0.      0.      0.
  0.      0.     -0.1334  0.      0.      0.      0.      0.      0.
  0.      0.0309  0.      0.      0.      0.      0.      0.      0.
  0.      0.     -0.2193  0.      0.      0.      0.      0.0523  0.
  0.      0.      0.      0.      0.      0.      0.      0.     -0.1936
  0.      0.      0.      0.      0.      0.      0.0438  0.      0.
  0.      0.      0.      0.      0.     -0.0642  0.      0.047  -0.0006
  0.      0.      0.      0.      0.      0.      0.      0.      0.
  0.      0.1087  0.      0.      0.      0.      0.      0.      0.
  0.      0.      0.      0.      0.      0.      0.      0.0549  0.
  0.      0.      0.      0.      0.      0.      0.      0.      0.
  0.      0.      0.      0.      0.0088  0.0857  0.      0.     -0.115
  0.      0.      0.      0.      0.0264  0.      0.0543  0.      0.
  0.      0.      0.      0.      0.      0.      0.      0.     -0.2693
  0.      0.      0.      0.      0.      0.     -0.1001  0.      0.
  0.      0.      0.      0.      0.      0.      0.      0.      0.
  0.0621  0.      0.      0.      0.      0.      0.     -0.0667  0.
  0.      0.      0.      0.     -0.0901  0.      0.      0.      0.
  0.      0.      0.     -0.1099  0.      0.      0.     -0.1198  0.0443
  0.      0.      0.      0.      0.     -0.1037  0.      0.0314  0.
  0.      0.      0.      0.      0.      0.0788  0.079   0.      0.
  0.1388  0.      0.0459  0.      0.      0.      0.      0.    ]"
ORANGE ESSENTIAL,color,w,ShapleyVec_True_0.5_18_color_LR,ShapleyVec_beauty/color/,"SEED PEARL, FUJI SNOW, ORANGE ESSENTIAL, RIVIERA BEACH, NECRON COMPOUND, WOODEN CABIN, AMERICAN ROAST, ANTIQUITY, NEPAL, FIREBIRD TAIL LIGHTS, CHAI TEA, VENOM WYRM, SUPERIOR BRONZE, ALPHA BLUE, FALU RED, CRUSADE KING, AWARD BLUE, PITMASTON PEAR YELLOW","[-3.460e-02  0.000e+00  0.000e+00  0.000e+00  0.000e+00  0.000e+00
  0.000e+00  0.000e+00 -5.250e-02  0.000e+00  0.000e+00  0.000e+00
  0.000e+00  0.000e+00  0.000e+00  0.000e+00  0.000e+00  0.000e+00
  0.000e+00  0.000e+00  0.000e+00  0.000e+00  0.000e+00  0.000e+00
  0.000e+00  0.000e+00  0.000e+00  0.000e+00  0.000e+00  0.000e+00
  0.000e+00 -2.122e-01  0.000e+00  0.000e+00  0.000e+00  0.000e+00
  0.000e+00  0.000e+00 -1.320e-02  0.000e+00  0.000e+00  0.000e+00
  0.000e+00  0.000e+00  0.000e+00  0.000e+00  0.000e+00  0.000e+00
  0.000e+00  0.000e+00  5.270e-02  0.000e+00  1.114e-01  0.000e+00
 -1.781e-01  0.000e+00  0.000e+00  0.000e+00  0.000e+00  0.000e+00
  0.000e+00  0.000e+00  0.000e+00  0.000e+00  0.000e+00  0.000e+00
  0.000e+00  0.000e+00  0.000e+00  2.960e-02  0.000e+00  0.000e+00
  0.000e+00  0.000e+00  0.000e+00  0.000e+00  0.000e+00  0.000e+00
  0.000e+00  0.000e+00  0.000e+00  0.000e+00  0.000e+00  0.000e+00
  0.000e+00  0.000e+00  0.000e+00  0.000e+00  0.000e+00  0.000e+00
  0.000e+00 -2.116e-01  0.000e+00  0.000e+00  0.000e+00  0.000e+00
  0.000e+00  0.000e+00  0.000e+00  0.000e+00  0.000e+00  0.000e+00
  0.000e+00  0.000e+00  0.000e+00  0.000e+00  0.000e+00  0.000e+00
  0.000e+00 -1.991e-01  0.000e+00  0.000e+00  0.000e+00  0.000e+00
  0.000e+00  0.000e+00  0.000e+00  0.000e+00  0.000e+00  0.000e+00
  0.000e+00  0.000e+00  0.000e+00  0.000e+00  0.000e+00  0.000e+00
  0.000e+00  0.000e+00  0.000e+00  0.000e+00  0.000e+00  0.000e+00
  0.000e+00  4.610e-02  0.000e+00  0.000e+00  0.000e+00  0.000e+00
  0.000e+00 -9.890e-02  0.000e+00  0.000e+00  0.000e+00  0.000e+00
  0.000e+00  0.000e+00  0.000e+00  0.000e+00  0.000e+00  0.000e+00
  0.000e+00  0.000e+00  0.000e+00  0.000e+00  0.000e+00  0.000e+00
  0.000e+00  0.000e+00  1.240e-02  0.000e+00  0.000e+00  0.000e+00
  0.000e+00  0.000e+00  2.164e-01  0.000e+00  0.000e+00  0.000e+00
  0.000e+00  0.000e+00  0.000e+00  0.000e+00  0.000e+00  0.000e+00
  0.000e+00  0.000e+00  0.000e+00  0.000e+00  0.000e+00  0.000e+00
  0.000e+00  0.000e+00  0.000e+00  0.000e+00  0.000e+00 -7.870e-02
  0.000e+00  0.000e+00  0.000e+00  0.000e+00  0.000e+00  0.000e+00
  0.000e+00  0.000e+00  0.000e+00  0.000e+00  0.000e+00  0.000e+00
  0.000e+00 -6.720e-02  0.000e+00  3.380e-02  0.000e+00  0.000e+00
  0.000e+00  0.000e+00  0.000e+00  0.000e+00  0.000e+00  0.000e+00
  0.000e+00  0.000e+00  1.963e-01  0.000e+00  0.000e+00  0.000e+00
  0.000e+00 -4.160e-02  0.000e+00  0.000e+00  0.000e+00  0.000e+00
  0.000e+00  0.000e+00  1.516e-01  0.000e+00  1.551e-01  0.000e+00
  0.000e+00  0.000e+00  0.000e+00  0.000e+00  0.000e+00  0.000e+00
  0.000e+00  0.000e+00 -8.520e-02  0.000e+00  0.000e+00  0.000e+00
  0.000e+00  0.000e+00  0.000e+00  0.000e+00  0.000e+00  0.000e+00
  0.000e+00  0.000e+00  0.000e+00  0.000e+00  0.000e+00  0.000e+00
  0.000e+00  0.000e+00  0.000e+00  0.000e+00  0.000e+00  0.000e+00
  0.000e+00  0.000e+00 -2.317e-01 -2.401e-01  0.000e+00  0.000e+00
  0.000e+00 -1.100e-03  0.000e+00  0.000e+00  0.000e+00  0.000e+00
  0.000e+00  0.000e+00  0.000e+00  0.000e+00  0.000e+00 -1.245e-01
  0.000e+00  0.000e+00 -3.590e-02  0.000e+00  0.000e+00  0.000e+00
  0.000e+00  0.000e+00  5.440e-02  0.000e+00  0.000e+00  0.000e+00
  1.759e-01  0.000e+00  1.029e-01  0.000e+00  0.000e+00  0.000e+00
  0.000e+00  1.450e-02  0.000e+00 -1.286e-01  0.000e+00  0.000e+00
  0.000e+00  0.000e+00  0.000e+00 -1.459e-01  0.000e+00  0.000e+00
  0.000e+00  0.000e+00  0.000e+00 -9.940e-02  0.000e+00 -6.200e-02
  0.000e+00 -6.960e-02  0.000e+00  0.000e+00  0.000e+00  0.000e+00
  0.000e+00  0.000e+00 -2.634e-01  0.000e+00  0.000e+00  0.000e+00
  0.000e+00  0.000e+00  0.000e+00  0.000e+00  0.000e+00  9.890e-02
  0.000e+00  0.000e+00  1.700e-01  0.000e+00  0.000e+00  0.000e+00
 -7.190e-02  0.000e+00  0.000e+00  0.000e+00  0.000e+00  0.000e+00
  0.000e+00  0.000e+00  0.000e+00  0.000e+00  0.000e+00  0.000e+00
  0.000e+00  1.222e-01 -2.119e-01 -7.780e-02  0.000e+00  0.000e+00
  0.000e+00  0.000e+00  0.000e+00  0.000e+00  0.000e+00  0.000e+00
  0.000e+00  0.000e+00  0.000e+00 -1.000e-04  0.000e+00  0.000e+00
 -1.260e-01  0.000e+00  0.000e+00  0.000e+00  0.000e+00 -3.510e-02
  0.000e+00  0.000e+00  0.000e+00  0.000e+00  0.000e+00 -3.770e-02
  0.000e+00  0.000e+00  0.000e+00  0.000e+00  9.490e-02  0.000e+00
  0.000e+00  0.000e+00  0.000e+00  0.000e+00  5.860e-02  0.000e+00
  0.000e+00  0.000e+00  0.000e+00  7.400e-02  0.000e+00  0.000e+00
  8.470e-02  0.000e+00  0.000e+00  0.000e+00  0.000e+00  0.000e+00
  0.000e+00  0.000e+00  5.510e-02  0.000e+00  0.000e+00  0.000e+00
  0.000e+00  0.000e+00  0.000e+00  0.000e+00  0.000e+00  0.000e+00
  0.000e+00 -1.921e-01  0.000e+00  0.000e+00  0.000e+00  0.000e+00
  1.639e-01  0.000e+00  0.000e+00  0.000e+00  0.000e+00  0.000e+00
  0.000e+00 -4.990e-02  0.000e+00  0.000e+00  0.000e+00  0.000e+00
  0.000e+00  0.000e+00  0.000e+00  0.000e+00  0.000e+00 -7.980e-02
  0.000e+00 -6.750e-02  0.000e+00 -1.527e-01 -6.370e-02  0.000e+00
  0.000e+00  0.000e+00  0.000e+00  0.000e+00  0.000e+00  0.000e+00
  0.000e+00 -8.050e-02  0.000e+00  0.000e+00  0.000e+00  0.000e+00
  0.000e+00  0.000e+00  0.000e+00  1.562e-01  0.000e+00  0.000e+00
  0.000e+00  0.000e+00  0.000e+00  9.410e-02  1.249e-01  0.000e+00
  0.000e+00  0.000e+00  0.000e+00  0.000e+00  0.000e+00  0.000e+00
  0.000e+00  0.000e+00  0.000e+00  0.000e+00  0.000e+00  0.000e+00
  0.000e+00  0.000e+00  0.000e+00  0.000e+00  1.862e-01 -2.560e-02
  0.000e+00  0.000e+00  0.000e+00  0.000e+00  0.000e+00  0.000e+00
 -9.900e-03  0.000e+00  0.000e+00  0.000e+00  0.000e+00  0.000e+00
  0.000e+00 -4.540e-02  0.000e+00  0.000e+00  0.000e+00  0.000e+00
  0.000e+00  3.210e-02  0.000e+00  0.000e+00  0.000e+00  0.000e+00
  0.000e+00  0.000e+00]"
RIVIERA BEACH,color,w,ShapleyVec_True_0.5_18_color_LR,ShapleyVec_beauty/color/,"SEED PEARL, FUJI SNOW, ORANGE ESSENTIAL, RIVIERA BEACH, NECRON COMPOUND, WOODEN CABIN, AMERICAN ROAST, ANTIQUITY, NEPAL, FIREBIRD TAIL LIGHTS, CHAI TEA, VENOM WYRM, SUPERIOR BRONZE, ALPHA BLUE, FALU RED, CRUSADE KING, AWARD BLUE, PITMASTON PEAR YELLOW","[ 0.0662  0.     -0.0926  0.      0.     -0.0405  0.      0.      0.0054
  0.      0.079   0.      0.      0.      0.      0.      0.      0.
 -0.0799  0.      0.      0.      0.      0.      0.      0.      0.
  0.      0.      0.      0.      0.      0.      0.      0.      0.
  0.      0.      0.      0.      0.      0.      0.      0.2055  0.
  0.      0.      0.      0.      0.      0.      0.     -0.1753  0.
  0.      0.      0.      0.      0.      0.      0.      0.      0.0355
  0.      0.      0.      0.      0.0527  0.      0.      0.      0.
  0.      0.      0.      0.      0.      0.      0.0154  0.      0.
  0.      0.      0.      0.      0.      0.      0.      0.      0.
  0.      0.     -0.1907  0.      0.     -0.0969  0.      0.      0.
  0.      0.      0.1359  0.     -0.1257  0.      0.      0.      0.
  0.      0.      0.      0.      0.      0.0679 -0.1207 -0.1694 -0.2647
  0.      0.      0.      0.     -0.      0.      0.      0.      0.
  0.      0.      0.     -0.08    0.      0.      0.     -0.0612  0.
  0.      0.      0.     -0.0222  0.      0.      0.      0.      0.
  0.      0.      0.      0.     -0.1013  0.      0.      0.      0.0876
  0.      0.      0.      0.      0.      0.      0.1663  0.      0.
  0.      0.      0.1885  0.      0.      0.      0.      0.     -0.185
  0.      0.      0.      0.      0.      0.      0.      0.      0.
  0.      0.      0.      0.      0.      0.      0.      0.      0.
  0.      0.      0.     -0.1482  0.      0.      0.      0.      0.
  0.      0.      0.      0.0796  0.      0.      0.093   0.      0.
  0.      0.      0.      0.      0.      0.      0.0311  0.      0.
  0.      0.      0.      0.0294  0.      0.     -0.0919  0.      0.
  0.      0.      0.      0.      0.      0.      0.      0.      0.
  0.      0.     -0.0415  0.      0.      0.      0.      0.      0.
  0.      0.      0.      0.      0.      0.     -0.1124  0.      0.
  0.      0.      0.      0.     -0.0188  0.0374  0.      0.      0.
  0.      0.      0.      0.     -0.006   0.      0.      0.      0.
  0.     -0.2516  0.      0.      0.      0.      0.      0.      0.
  0.      0.      0.      0.      0.      0.      0.      0.     -0.0554
  0.0617  0.      0.      0.      0.      0.1353  0.      0.      0.
  0.      0.0334  0.      0.      0.      0.      0.      0.      0.
  0.     -0.0685  0.      0.      0.      0.0351 -0.1581 -0.0231  0.
  0.      0.      0.      0.      0.      0.1177  0.      0.      0.
  0.      0.      0.      0.      0.      0.0125  0.      0.     -0.0648
  0.      0.      0.     -0.0334  0.      0.      0.      0.      0.
  0.      0.      0.      0.      0.      0.      0.      0.      0.133
  0.      0.      0.      0.      0.      0.      0.      0.      0.
  0.      0.      0.      0.      0.      0.      0.      0.      0.
  0.     -0.1909  0.      0.      0.     -0.0752  0.     -0.0168  0.0971
  0.      0.      0.      0.      0.      0.      0.      0.      0.
  0.      0.      0.      0.      0.      0.      0.      0.      0.
  0.0198  0.      0.     -0.1304  0.      0.      0.      0.      0.
  0.      0.      0.      0.      0.      0.      0.1388  0.      0.
  0.      0.      0.      0.      0.      0.      0.      0.     -0.0624
  0.      0.      0.      0.      0.0275  0.      0.0342  0.      0.
  0.132   0.      0.      0.      0.     -0.1057  0.      0.      0.
  0.0186  0.      0.      0.     -0.092   0.      0.      0.      0.
  0.      0.      0.      0.      0.      0.      0.      0.      0.
  0.      0.     -0.1479  0.      0.      0.      0.      0.0518  0.
  0.      0.      0.      0.      0.      0.      0.      0.      0.
  0.1042  0.      0.      0.      0.      0.      0.      0.0321  0.
  0.0852  0.      0.      0.      0.     -0.0499  0.      0.      0.
  0.      0.      0.      0.      0.     -0.0484  0.     -0.3629  0.
  0.      0.      0.      0.      0.1953  0.      0.      0.    ]"
NECRON COMPOUND,color,w,ShapleyVec_True_0.5_18_color_LR,ShapleyVec_beauty/color/,"SEED PEARL, FUJI SNOW, ORANGE ESSENTIAL, RIVIERA BEACH, NECRON COMPOUND, WOODEN CABIN, AMERICAN ROAST, ANTIQUITY, NEPAL, FIREBIRD TAIL LIGHTS, CHAI TEA, VENOM WYRM, SUPERIOR BRONZE, ALPHA BLUE, FALU RED, CRUSADE KING, AWARD BLUE, PITMASTON PEAR YELLOW","[-0.0131  0.      0.     -0.1518  0.     -0.0003  0.      0.      0.
  0.      0.      0.      0.      0.      0.      0.      0.      0.
  0.      0.      0.      0.      0.     -0.12    0.      0.074   0.
  0.      0.      0.      0.      0.      0.      0.      0.      0.
  0.      0.      0.      0.      0.      0.      0.      0.      0.
  0.      0.      0.      0.      0.      0.0405  0.      0.0867  0.
  0.      0.     -0.0441  0.      0.      0.      0.     -0.1623 -0.0145
  0.      0.      0.      0.      0.      0.      0.0439  0.      0.
  0.      0.      0.0472  0.      0.      0.     -0.2371  0.      0.
  0.      0.      0.      0.      0.      0.      0.      0.      0.
  0.0863  0.      0.      0.      0.      0.      0.      0.      0.
  0.      0.      0.      0.      0.024   0.      0.      0.      0.
  0.     -0.11    0.      0.      0.     -0.0217  0.      0.      0.0839
  0.      0.      0.      0.      0.      0.      0.      0.      0.
  0.      0.      0.      0.      0.      0.      0.     -0.124   0.
 -0.0076  0.      0.      0.0659  0.      0.      0.      0.      0.
  0.      0.      0.      0.      0.      0.      0.      0.      0.
  0.      0.0751  0.      0.      0.      0.     -0.2884  0.      0.
  0.      0.      0.      0.      0.      0.      0.      0.      0.
  0.      0.     -0.1595  0.      0.      0.      0.      0.      0.
  0.      0.      0.      0.      0.      0.      0.0659  0.      0.
  0.      0.      0.      0.      0.      0.      0.     -0.1793  0.
  0.     -0.2442  0.     -0.0075  0.     -0.1866  0.      0.      0.
  0.      0.      0.      0.      0.      0.      0.0587  0.      0.
  0.      0.      0.      0.      0.      0.      0.1868  0.      0.
  0.      0.      0.      0.      0.      0.      0.      0.      0.
  0.      0.      0.089   0.      0.      0.      0.      0.2001  0.
  0.      0.     -0.1487  0.      0.      0.      0.      0.      0.
  0.     -0.0801  0.      0.      0.      0.006   0.      0.      0.
  0.      0.      0.      0.     -0.0725  0.      0.      0.      0.
  0.      0.      0.      0.      0.      0.0841  0.      0.      0.
  0.      0.      0.      0.      0.      0.      0.      0.      0.
  0.      0.      0.1466  0.      0.      0.      0.      0.0359  0.
 -0.0222  0.      0.      0.      0.      0.      0.      0.      0.0295
  0.      0.      0.      0.0471  0.     -0.0277  0.      0.1312  0.
  0.104   0.     -0.1268  0.      0.     -0.046   0.      0.      0.
  0.      0.      0.      0.      0.      0.1765  0.1278  0.      0.
  0.      0.      0.      0.      0.      0.      0.      0.      0.
  0.      0.     -0.0354  0.0196  0.      0.      0.      0.     -0.0206
 -0.0936  0.      0.      0.      0.      0.      0.      0.      0.
  0.      0.      0.      0.      0.      0.      0.      0.      0.
  0.      0.      0.      0.      0.     -0.0684  0.      0.      0.
  0.      0.      0.      0.      0.      0.      0.      0.      0.
  0.      0.      0.      0.      0.      0.      0.      0.      0.
 -0.0262  0.      0.      0.      0.      0.      0.      0.     -0.2039
  0.      0.0869  0.      0.      0.      0.     -0.2238  0.      0.
  0.      0.1259  0.      0.      0.      0.      0.1103  0.      0.
  0.      0.      0.      0.      0.      0.      0.      0.      0.
  0.      0.      0.1367  0.      0.      0.0621  0.     -0.0183  0.
  0.0362  0.      0.      0.      0.0144  0.      0.      0.      0.
  0.      0.      0.      0.      0.      0.      0.     -0.1404  0.
 -0.0139  0.      0.      0.      0.      0.      0.     -0.1288  0.
  0.      0.      0.      0.      0.      0.      0.     -0.0162  0.
  0.      0.      0.      0.      0.      0.      0.      0.      0.
  0.      0.      0.     -0.0596 -0.1147  0.041   0.      0.      0.
  0.      0.      0.      0.      0.     -0.0272  0.     -0.1305  0.
  0.      0.      0.      0.     -0.2782  0.      0.      0.    ]"
WOODEN CABIN,color,w,ShapleyVec_True_0.5_18_color_LR,ShapleyVec_beauty/color/,"SEED PEARL, FUJI SNOW, ORANGE ESSENTIAL, RIVIERA BEACH, NECRON COMPOUND, WOODEN CABIN, AMERICAN ROAST, ANTIQUITY, NEPAL, FIREBIRD TAIL LIGHTS, CHAI TEA, VENOM WYRM, SUPERIOR BRONZE, ALPHA BLUE, FALU RED, CRUSADE KING, AWARD BLUE, PITMASTON PEAR YELLOW","[ 0.      0.      0.      0.      0.     -0.2391  0.      0.      0.129
  0.      0.      0.      0.      0.      0.      0.     -0.1277  0.
  0.      0.      0.      0.      0.      0.      0.      0.      0.
  0.     -0.0192  0.      0.      0.0371  0.      0.0975  0.      0.
  0.      0.      0.      0.      0.      0.      0.      0.      0.
  0.      0.      0.      0.      0.      0.      0.      0.      0.
  0.1605  0.      0.0113  0.      0.      0.      0.      0.      0.
  0.      0.      0.      0.      0.0432  0.      0.      0.      0.
  0.      0.     -0.0661  0.      0.      0.      0.1229  0.      0.
  0.      0.      0.      0.      0.      0.      0.      0.      0.
  0.      0.      0.      0.      0.      0.      0.      0.      0.
  0.      0.      0.0548  0.      0.      0.      0.      0.      0.
  0.      0.      0.      0.      0.     -0.112   0.      0.      0.
  0.      0.      0.      0.      0.     -0.2384  0.177   0.      0.
  0.      0.      0.     -0.0089  0.      0.      0.0233  0.1335  0.
 -0.1306  0.      0.      0.      0.      0.      0.      0.      0.
  0.      0.      0.      0.     -0.0055  0.      0.      0.      0.
  0.      0.      0.      0.      0.      0.      0.0976  0.1015  0.
  0.      0.      0.     -0.1928  0.      0.      0.      0.      0.
  0.      0.      0.      0.      0.      0.      0.      0.      0.
  0.      0.0126 -0.1844  0.      0.      0.     -0.0036  0.      0.
  0.      0.      0.      0.      0.      0.      0.      0.      0.
  0.      0.      0.     -0.0344  0.      0.0946  0.      0.      0.
  0.      0.      0.      0.      0.      0.     -0.1045  0.      0.
  0.      0.      0.      0.      0.      0.      0.      0.      0.
  0.      0.      0.      0.      0.      0.      0.      0.      0.
  0.      0.     -0.0605  0.      0.      0.      0.      0.      0.
  0.0575  0.      0.0617  0.      0.      0.      0.      0.      0.
  0.222   0.      0.      0.      0.0925  0.      0.      0.      0.
  0.      0.      0.      0.0619  0.1418  0.      0.      0.      0.
  0.      0.1822  0.      0.      0.      0.      0.      0.     -0.104
  0.      0.      0.      0.      0.      0.      0.      0.      0.
  0.     -0.0764 -0.0795  0.      0.      0.      0.      0.      0.
 -0.0111  0.1051  0.      0.      0.      0.      0.      0.0985  0.
 -0.1388  0.      0.      0.      0.      0.      0.      0.      0.
  0.      0.      0.      0.      0.      0.0011  0.      0.      0.
  0.      0.      0.      0.      0.      0.     -0.1381  0.      0.
  0.      0.     -0.0421  0.0467  0.      0.      0.      0.      0.
  0.      0.      0.0437 -0.0299  0.      0.      0.      0.      0.
  0.0519  0.0692  0.      0.      0.      0.1603  0.      0.      0.
  0.      0.      0.      0.      0.      0.     -0.1688  0.      0.
  0.      0.      0.      0.      0.      0.      0.      0.0749 -0.0046
  0.      0.      0.      0.     -0.194   0.      0.      0.      0.
  0.     -0.1825 -0.0546  0.      0.      0.      0.      0.      0.
  0.      0.      0.      0.      0.      0.      0.     -0.1432  0.0788
  0.      0.      0.      0.      0.      0.      0.      0.      0.
  0.      0.      0.     -0.1247  0.0306  0.     -0.1681  0.      0.
  0.      0.      0.      0.      0.0581  0.      0.      0.      0.
  0.      0.      0.      0.      0.      0.      0.      0.      0.
 -0.0017  0.      0.      0.     -0.0099  0.      0.      0.      0.
  0.0282  0.1245  0.0824  0.      0.      0.      0.      0.      0.
  0.      0.      0.      0.      0.      0.      0.      0.0324  0.
  0.      0.      0.      0.      0.      0.      0.0513  0.      0.
  0.      0.      0.      0.      0.      0.      0.      0.1184 -0.0264
  0.      0.      0.      0.      0.1012  0.      0.     -0.0749  0.
  0.      0.      0.      0.     -0.1082  0.      0.      0.      0.
 -0.2382  0.0358 -0.181   0.      0.0964  0.      0.      0.    ]"
AMERICAN ROAST,color,w,ShapleyVec_True_0.5_18_color_LR,ShapleyVec_beauty/color/,"SEED PEARL, FUJI SNOW, ORANGE ESSENTIAL, RIVIERA BEACH, NECRON COMPOUND, WOODEN CABIN, AMERICAN ROAST, ANTIQUITY, NEPAL, FIREBIRD TAIL LIGHTS, CHAI TEA, VENOM WYRM, SUPERIOR BRONZE, ALPHA BLUE, FALU RED, CRUSADE KING, AWARD BLUE, PITMASTON PEAR YELLOW","[ 0.      0.      0.      0.      0.     -0.0584  0.      0.      0.1271
  0.      0.      0.      0.      0.      0.      0.      0.      0.
  0.0145  0.      0.      0.      0.      0.0761  0.      0.      0.
  0.      0.      0.      0.      0.      0.      0.      0.      0.
  0.      0.      0.0118  0.      0.      0.      0.      0.      0.
  0.      0.      0.      0.      0.      0.      0.     -0.1885  0.
  0.      0.      0.0641  0.      0.      0.      0.      0.      0.
  0.      0.      0.      0.      0.1614  0.      0.0015  0.      0.
  0.      0.      0.      0.      0.      0.      0.      0.0908  0.
  0.      0.      0.      0.      0.      0.      0.      0.     -0.1106
  0.      0.      0.      0.      0.      0.1078  0.      0.      0.
  0.      0.      0.1479  0.      0.      0.      0.      0.      0.
  0.      0.0604  0.      0.      0.      0.      0.0012  0.      0.
  0.      0.      0.      0.      0.      0.      0.      0.      0.
  0.      0.      0.      0.      0.      0.      0.      0.0517  0.
 -0.0942  0.      0.     -0.1322  0.      0.      0.      0.      0.
  0.      0.      0.      0.      0.      0.      0.      0.      0.
  0.     -0.1428  0.      0.      0.      0.0637  0.0625  0.      0.
  0.      0.      0.     -0.1293  0.      0.      0.      0.      0.
  0.      0.      0.196   0.      0.      0.      0.      0.      0.
  0.      0.      0.      0.      0.      0.      0.      0.      0.
  0.      0.      0.      0.      0.      0.      0.      0.      0.
  0.      0.1369  0.     -0.094   0.      0.      0.      0.      0.
  0.      0.      0.      0.      0.      0.      0.      0.      0.
  0.      0.      0.     -0.054   0.      0.      0.      0.      0.
  0.      0.      0.      0.      0.      0.      0.      0.0283  0.
  0.      0.     -0.112   0.      0.      0.      0.      0.      0.
  0.2562  0.      0.      0.      0.      0.      0.      0.      0.
 -0.0298  0.      0.      0.      0.      0.      0.      0.      0.
  0.      0.      0.119   0.      0.      0.      0.      0.     -0.0727
  0.      0.1705  0.      0.      0.      0.      0.      0.      0.
  0.      0.      0.1696  0.      0.      0.      0.      0.      0.
  0.      0.     -0.1577  0.      0.      0.      0.      0.      0.
 -0.0766  0.      0.      0.      0.      0.      0.      0.101   0.0514
  0.     -0.1086  0.      0.      0.     -0.1399  0.     -0.102   0.
  0.      0.      0.      0.      0.      0.      0.      0.      0.
  0.      0.      0.      0.      0.      0.      0.      0.      0.
  0.      0.0783  0.      0.      0.      0.      0.      0.      0.
  0.      0.      0.     -0.0829  0.      0.      0.      0.      0.0881
  0.     -0.2083  0.      0.      0.     -0.1421  0.      0.      0.
  0.      0.      0.     -0.0396  0.      0.      0.      0.      0.
  0.      0.      0.      0.      0.     -0.0044  0.     -0.2019  0.
  0.      0.      0.      0.      0.      0.      0.      0.      0.
  0.      0.      0.      0.      0.      0.      0.1685  0.      0.
 -0.1092  0.      0.      0.      0.      0.      0.      0.     -0.1517
  0.      0.      0.      0.      0.      0.      0.1306  0.      0.
  0.      0.      0.     -0.0388  0.      0.      0.      0.      0.1437
 -0.0211  0.      0.      0.     -0.2374  0.      0.      0.      0.
  0.      0.      0.      0.      0.      0.      0.      0.      0.
  0.      0.      0.      0.      0.     -0.0846  0.      0.      0.
  0.      0.      0.      0.      0.      0.      0.      0.      0.
 -0.0416  0.      0.      0.      0.      0.      0.      0.1876  0.
  0.      0.      0.      0.      0.      0.      0.      0.      0.
  0.      0.      0.     -0.1754  0.      0.      0.      0.1631 -0.1178
  0.0305  0.      0.      0.      0.      0.1213  0.      0.0564  0.
  0.      0.      0.      0.     -0.0253  0.      0.      0.      0.
  0.      0.     -0.1452 -0.079   0.1314  0.      0.      0.    ]"
ANTIQUITY,color,w,ShapleyVec_True_0.5_18_color_LR,ShapleyVec_beauty/color/,"SEED PEARL, FUJI SNOW, ORANGE ESSENTIAL, RIVIERA BEACH, NECRON COMPOUND, WOODEN CABIN, AMERICAN ROAST, ANTIQUITY, NEPAL, FIREBIRD TAIL LIGHTS, CHAI TEA, VENOM WYRM, SUPERIOR BRONZE, ALPHA BLUE, FALU RED, CRUSADE KING, AWARD BLUE, PITMASTON PEAR YELLOW","[ 0.1264  0.      0.      0.      0.      0.      0.      0.      0.
  0.     -0.0774  0.      0.      0.      0.      0.      0.      0.
  0.1317  0.      0.      0.      0.      0.0108  0.      0.      0.
  0.      0.      0.      0.      0.      0.      0.      0.      0.
  0.      0.      0.      0.      0.      0.      0.      0.      0.
  0.     -0.0797  0.      0.      0.     -0.113   0.1077  0.0547  0.
  0.      0.     -0.0492  0.      0.      0.      0.      0.      0.
  0.      0.      0.      0.     -0.1726  0.0022  0.      0.      0.
  0.      0.      0.1747  0.      0.      0.      0.      0.      0.
  0.      0.      0.      0.      0.      0.      0.      0.      0.
 -0.0849  0.      0.      0.      0.      0.      0.      0.      0.
  0.     -0.0415 -0.0549  0.      0.      0.      0.      0.      0.
  0.      0.      0.      0.      0.      0.1218  0.      0.      0.
  0.      0.      0.      0.      0.      0.      0.      0.      0.
  0.      0.      0.      0.0032  0.      0.      0.      0.      0.
  0.      0.      0.      0.      0.      0.      0.      0.      0.
  0.      0.      0.      0.      0.0709  0.      0.      0.      0.
  0.      0.      0.      0.      0.      0.0045  0.      0.      0.
  0.      0.     -0.0579  0.      0.      0.      0.      0.      0.
  0.     -0.1037  0.      0.      0.      0.      0.      0.      0.
  0.      0.      0.      0.      0.      0.      0.1619  0.      0.
  0.      0.      0.      0.      0.      0.      0.      0.      0.0636
  0.      0.      0.     -0.1152  0.      0.      0.      0.      0.
  0.      0.      0.0806  0.      0.      0.      0.      0.      0.
  0.      0.      0.      0.      0.      0.      0.      0.     -0.1906
  0.      0.      0.      0.      0.      0.      0.      0.      0.
  0.      0.      0.      0.      0.      0.      0.      0.      0.
 -0.1695  0.      0.      0.      0.      0.      0.      0.      0.
  0.      0.      0.      0.      0.      0.      0.      0.      0.
  0.      0.      0.     -0.1238  0.1367  0.      0.      0.      0.1843
  0.      0.      0.      0.      0.      0.      0.071   0.      0.
  0.      0.      0.      0.      0.      0.      0.      0.      0.0657
 -0.1949  0.      0.      0.      0.      0.      0.      0.      0.
  0.      0.0682  0.      0.      0.      0.      0.     -0.1141  0.
  0.      0.      0.     -0.1688  0.      0.      0.      0.     -0.1326
  0.      0.      0.      0.      0.      0.158   0.      0.0936  0.
  0.      0.      0.      0.      0.     -0.157   0.      0.      0.
  0.     -0.0883  0.      0.      0.      0.      0.      0.166   0.
  0.      0.      0.     -0.0308  0.      0.      0.     -0.1419 -0.077
  0.1779  0.      0.      0.      0.      0.      0.      0.      0.
  0.      0.      0.      0.      0.      0.      0.1281  0.      0.
  0.      0.      0.      0.      0.      0.      0.      0.      0.
  0.      0.      0.      0.      0.      0.      0.      0.      0.
  0.     -0.0815  0.      0.      0.      0.      0.      0.      0.
  0.      0.      0.      0.      0.      0.      0.     -0.1508  0.
  0.      0.      0.      0.      0.      0.      0.      0.      0.
  0.      0.      0.      0.      0.      0.     -0.2374  0.     -0.0184
  0.2122  0.      0.      0.      0.      0.     -0.2178  0.      0.
  0.      0.      0.      0.      0.      0.      0.      0.      0.
  0.0521  0.      0.1224  0.      0.1075  0.      0.1026  0.     -0.2164
  0.     -0.1086  0.     -0.0204  0.      0.      0.     -0.0395  0.
  0.      0.      0.      0.      0.      0.      0.0054 -0.0806  0.
  0.      0.      0.      0.     -0.0631  0.      0.      0.     -0.0004
  0.      0.      0.      0.      0.      0.      0.     -0.0803  0.148
  0.      0.      0.     -0.1167  0.1046  0.      0.      0.037   0.
  0.      0.      0.      0.      0.0318  0.      0.      0.      0.
  0.     -0.1025  0.      0.      0.      0.      0.      0.    ]"
NEPAL,color,w,ShapleyVec_True_0.5_18_color_LR,ShapleyVec_beauty/color/,"SEED PEARL, FUJI SNOW, ORANGE ESSENTIAL, RIVIERA BEACH, NECRON COMPOUND, WOODEN CABIN, AMERICAN ROAST, ANTIQUITY, NEPAL, FIREBIRD TAIL LIGHTS, CHAI TEA, VENOM WYRM, SUPERIOR BRONZE, ALPHA BLUE, FALU RED, CRUSADE KING, AWARD BLUE, PITMASTON PEAR YELLOW","[ 0.      0.1028  0.      0.      0.      0.      0.      0.      0.012
  0.      0.2302  0.      0.      0.      0.      0.      0.      0.
 -0.0928  0.      0.      0.      0.      0.      0.      0.      0.
  0.      0.      0.      0.      0.      0.      0.      0.      0.
  0.      0.      0.042   0.      0.      0.      0.      0.      0.
  0.      0.      0.      0.      0.      0.      0.      0.      0.
 -0.0541  0.      0.      0.      0.      0.      0.      0.      0.
  0.      0.      0.      0.      0.      0.      0.      0.0847  0.
  0.      0.     -0.128   0.      0.      0.     -0.1553  0.      0.
  0.      0.      0.      0.      0.      0.      0.      0.      0.
  0.      0.     -0.0843  0.      0.      0.      0.      0.      0.
  0.      0.      0.0138  0.      0.      0.      0.      0.      0.
  0.231   0.      0.      0.      0.      0.      0.1002  0.      0.
  0.      0.      0.     -0.0312  0.      0.      0.      0.0691  0.
  0.      0.      0.      0.1801  0.      0.      0.      0.      0.
  0.1166  0.      0.      0.      0.      0.      0.      0.      0.
  0.      0.      0.      0.      0.      0.      0.      0.      0.
  0.      0.      0.      0.      0.     -0.1541  0.      0.      0.
  0.      0.     -0.0321  0.      0.      0.      0.      0.      0.
  0.      0.1219  0.      0.      0.      0.      0.      0.      0.
 -0.1372 -0.1073  0.      0.      0.      0.      0.      0.      0.
  0.      0.      0.      0.      0.      0.      0.      0.      0.
  0.     -0.045   0.      0.      0.     -0.1206  0.      0.      0.
  0.      0.      0.      0.      0.      0.1735  0.      0.      0.
  0.      0.      0.      0.1253  0.      0.      0.      0.      0.0357
  0.      0.      0.      0.04    0.      0.      0.      0.     -0.0081
 -0.1999  0.     -0.0159  0.      0.      0.      0.      0.      0.
 -0.0104  0.      0.      0.      0.      0.      0.      0.      0.
  0.      0.      0.      0.      0.      0.      0.      0.      0.
  0.      0.      0.      0.     -0.0706  0.      0.      0.      0.
  0.     -0.0775  0.      0.      0.      0.      0.      0.     -0.1787
  0.      0.     -0.058   0.      0.      0.0042  0.      0.      0.
  0.      0.      0.1135  0.      0.      0.      0.      0.      0.
  0.     -0.1715  0.      0.      0.      0.      0.      0.      0.
  0.      0.1822  0.      0.      0.      0.1182  0.0836  0.2011  0.
  0.      0.      0.      0.      0.     -0.1027  0.      0.      0.
  0.      0.      0.      0.      0.      0.0579  0.      0.      0.1058
  0.      0.      0.      0.      0.      0.      0.      0.      0.
  0.      0.      0.      0.      0.      0.      0.      0.1772 -0.0017
 -0.0038  0.1512  0.      0.      0.     -0.0983  0.1507  0.      0.
  0.      0.      0.      0.      0.      0.      0.      0.      0.
  0.      0.      0.      0.      0.      0.      0.      0.      0.
  0.      0.      0.      0.      0.      0.      0.      0.      0.
  0.      0.     -0.1715  0.      0.      0.      0.      0.      0.
 -0.1215  0.      0.      0.      0.      0.      0.      0.      0.
  0.      0.      0.      0.      0.      0.      0.      0.      0.0424
  0.      0.      0.      0.      0.0654  0.      0.1657  0.      0.
 -0.0171  0.      0.      0.     -0.0109  0.      0.0897  0.      0.
 -0.0694  0.      0.0912  0.      0.      0.      0.      0.      0.
 -0.1901  0.      0.      0.      0.      0.1494 -0.0515  0.      0.
  0.      0.      0.      0.      0.      0.      0.      0.      0.
  0.0101  0.0899  0.      0.      0.      0.      0.      0.0119  0.
  0.      0.      0.      0.      0.      0.      0.      0.      0.073
  0.      0.      0.      0.      0.      0.      0.     -0.1857  0.
  0.      0.      0.      0.     -0.1085 -0.0439 -0.1308  0.      0.
  0.0635  0.      0.      0.      0.     -0.0497  0.      0.      0.
  0.0759  0.      0.175   0.      0.      0.      0.      0.    ]"
FIREBIRD TAIL LIGHTS,color,w,ShapleyVec_True_0.5_18_color_LR,ShapleyVec_beauty/color/,"SEED PEARL, FUJI SNOW, ORANGE ESSENTIAL, RIVIERA BEACH, NECRON COMPOUND, WOODEN CABIN, AMERICAN ROAST, ANTIQUITY, NEPAL, FIREBIRD TAIL LIGHTS, CHAI TEA, VENOM WYRM, SUPERIOR BRONZE, ALPHA BLUE, FALU RED, CRUSADE KING, AWARD BLUE, PITMASTON PEAR YELLOW","[ 0.      0.      0.      0.      0.0674  0.      0.      0.      0.1532
  0.      0.      0.0348  0.      0.      0.      0.     -0.1501  0.
  0.      0.      0.      0.      0.      0.      0.      0.      0.
  0.      0.      0.      0.     -0.0065  0.     -0.0667  0.      0.
  0.      0.      0.      0.      0.      0.      0.      0.      0.
  0.      0.      0.      0.      0.     -0.0446  0.     -0.1709  0.
  0.      0.      0.1195  0.      0.      0.      0.      0.      0.
  0.      0.      0.      0.      0.      0.0865 -0.0982  0.      0.
  0.      0.     -0.0414  0.      0.      0.      0.      0.      0.
  0.      0.      0.      0.0349  0.      0.      0.      0.      0.
  0.      0.      0.1389  0.      0.      0.      0.     -0.052   0.
  0.      0.0018 -0.0502  0.     -0.0033  0.      0.      0.      0.
  0.      0.1984  0.      0.      0.      0.      0.      0.      0.
  0.      0.      0.      0.      0.      0.      0.2052  0.      0.
  0.      0.      0.      0.      0.      0.      0.1558  0.      0.
  0.      0.      0.      0.      0.      0.      0.      0.      0.
  0.      0.      0.      0.      0.      0.      0.      0.      0.
  0.     -0.051   0.      0.      0.     -0.0109 -0.0347  0.      0.
  0.      0.      0.      0.      0.      0.      0.      0.      0.
  0.      0.      0.1305  0.      0.      0.      0.      0.      0.
  0.      0.      0.      0.      0.      0.      0.     -0.0849  0.
  0.      0.      0.      0.      0.      0.      0.      0.      0.
  0.      0.      0.      0.      0.      0.0951  0.      0.      0.
  0.      0.      0.      0.      0.      0.      0.      0.      0.
  0.      0.      0.      0.      0.1459  0.      0.      0.     -0.1479
  0.     -0.1907  0.      0.      0.      0.      0.      0.0856  0.
  0.      0.     -0.0528  0.      0.      0.      0.      0.      0.
  0.      0.      0.1218  0.      0.      0.      0.1564  0.      0.
  0.      0.      0.      0.      0.     -0.1077  0.      0.      0.
  0.      0.      0.      0.      0.1293  0.      0.      0.      0.
  0.      0.      0.      0.      0.     -0.1412  0.      0.     -0.0801
  0.      0.      0.      0.      0.      0.      0.      0.      0.
 -0.1341  0.      0.0987  0.      0.      0.      0.     -0.0542  0.
  0.153   0.      0.      0.      0.      0.      0.      0.      0.
 -0.1126  0.      0.     -0.1433  0.      0.0561  0.     -0.072   0.
  0.      0.      0.      0.      0.      0.0376 -0.0331  0.      0.
  0.      0.      0.1951  0.      0.     -0.0088  0.      0.      0.
  0.      0.      0.      0.      0.      0.      0.      0.      0.
  0.      0.      0.116   0.      0.      0.      0.      0.      0.1526
  0.      0.      0.      0.      0.      0.      0.      0.1293  0.0645
  0.      0.      0.     -0.103   0.      0.     -0.0721  0.      0.
  0.      0.      0.1169  0.      0.      0.0603  0.      0.      0.
  0.      0.      0.      0.      0.      0.      0.      0.      0.
  0.      0.      0.      0.      0.      0.      0.      0.      0.
  0.0612  0.      0.     -0.1362  0.      0.      0.      0.      0.
  0.      0.      0.      0.      0.      0.      0.      0.      0.
  0.      0.      0.      0.      0.      0.      0.      0.      0.1295
  0.      0.      0.      0.      0.0095  0.     -0.1095  0.      0.
  0.      0.     -0.1481  0.      0.      0.      0.     -0.0012  0.2591
 -0.0008  0.2161  0.      0.      0.0644  0.      0.0228  0.      0.
  0.      0.      0.      0.      0.      0.      0.      0.      0.
  0.      0.      0.      0.      0.      0.      0.0913  0.0599  0.
  0.      0.      0.      0.      0.      0.      0.      0.      0.
  0.      0.      0.      0.      0.      0.      0.      0.1758  0.0018
 -0.1845  0.      0.      0.0985 -0.0172  0.      0.     -0.0338  0.
  0.      0.      0.      0.      0.      0.      0.      0.      0.
  0.     -0.1432  0.      0.      0.      0.      0.      0.    ]"
CHAI TEA,color,w,ShapleyVec_True_0.5_18_color_LR,ShapleyVec_beauty/color/,"SEED PEARL, FUJI SNOW, ORANGE ESSENTIAL, RIVIERA BEACH, NECRON COMPOUND, WOODEN CABIN, AMERICAN ROAST, ANTIQUITY, NEPAL, FIREBIRD TAIL LIGHTS, CHAI TEA, VENOM WYRM, SUPERIOR BRONZE, ALPHA BLUE, FALU RED, CRUSADE KING, AWARD BLUE, PITMASTON PEAR YELLOW","[ 0.      0.      0.      0.      0.      0.      0.      0.      0.1128
  0.      0.      0.      0.      0.      0.      0.      0.      0.
  0.      0.      0.      0.      0.      0.      0.      0.      0.
  0.      0.      0.      0.      0.      0.1076  0.      0.      0.
  0.      0.      0.      0.      0.      0.      0.      0.      0.
  0.      0.015   0.      0.      0.      0.      0.      0.001   0.
  0.0426  0.      0.      0.      0.      0.      0.      0.      0.
  0.      0.      0.      0.      0.      0.0708  0.     -0.0188  0.
  0.      0.      0.1202  0.      0.      0.      0.0085  0.      0.
  0.     -0.01    0.      0.1476  0.      0.      0.      0.      0.
  0.      0.      0.2235  0.      0.      0.      0.      0.      0.
  0.      0.     -0.1497  0.      0.      0.      0.      0.      0.
  0.      0.      0.      0.      0.      0.      0.      0.      0.
  0.      0.      0.      0.0162  0.1696  0.      0.      0.      0.
  0.      0.      0.      0.1385  0.      0.      0.0557  0.      0.
  0.      0.      0.      0.      0.      0.      0.      0.      0.
  0.      0.      0.      0.      0.      0.      0.      0.      0.
  0.      0.      0.      0.      0.      0.0829  0.      0.      0.
  0.      0.     -0.15    0.      0.      0.      0.      0.      0.
  0.     -0.082   0.      0.      0.      0.      0.      0.      0.
  0.0597  0.      0.     -0.0241  0.      0.      0.      0.      0.
  0.      0.     -0.1286  0.      0.      0.      0.      0.002   0.0279
  0.      0.0872  0.      0.      0.      0.1334  0.0227  0.      0.
  0.      0.      0.      0.      0.      0.      0.      0.      0.
  0.      0.      0.      0.      0.      0.      0.1533  0.      0.
  0.      0.      0.      0.      0.      0.      0.      0.      0.
  0.      0.      0.0192  0.      0.      0.      0.     -0.3426  0.
  0.0057  0.      0.2016  0.      0.      0.      0.      0.      0.
  0.1157  0.088   0.      0.      0.     -0.1135  0.      0.      0.1283
  0.1573  0.      0.      0.      0.      0.      0.      0.1344  0.2179
  0.      0.0167  0.      0.      0.     -0.0584  0.      0.      0.1391
  0.      0.      0.1551  0.      0.     -0.0217  0.      0.      0.
  0.      0.     -0.0923  0.      0.      0.      0.     -0.1314  0.
  0.      0.      0.      0.      0.      0.      0.      0.      0.
  0.0792 -0.0376  0.      0.      0.      0.     -0.1066  0.      0.
  0.      0.      0.      0.      0.      0.0195  0.      0.      0.
  0.      0.      0.      0.      0.     -0.0468  0.      0.      0.
  0.      0.      0.      0.      0.      0.      0.      0.      0.
  0.      0.      0.      0.      0.      0.      0.      0.      0.0839
  0.      0.      0.      0.      0.      0.      0.      0.      0.
  0.      0.      0.      0.      0.      0.     -0.1902 -0.0294  0.
  0.      0.      0.      0.      0.      0.1431  0.     -0.0107  0.0814
  0.      0.      0.      0.      0.      0.      0.      0.      0.
  0.      0.      0.0473  0.      0.      0.      0.      0.      0.
  0.1559  0.      0.      0.      0.      0.      0.      0.      0.
  0.      0.1096  0.      0.      0.      0.      0.      0.      0.
  0.      0.      0.      0.     -0.1386 -0.2144  0.      0.      0.
  0.      0.      0.      0.      0.      0.     -0.0797  0.      0.
  0.      0.      0.      0.      0.0941  0.      0.      0.      0.
  0.      0.      0.0885  0.      0.1379  0.      0.      0.      0.
  0.      0.      0.      0.      0.      0.      0.      0.      0.
 -0.1644  0.      0.      0.      0.      0.      0.     -0.0921  0.
  0.      0.      0.      0.      0.      0.      0.0329  0.     -0.0822
  0.1321  0.      0.      0.      0.      0.      0.      0.087   0.
  0.      0.      0.      0.0596  0.0218  0.      0.0425 -0.0274  0.
  0.      0.      0.      0.      0.      0.      0.      0.      0.
  0.      0.     -0.1226  0.      0.      0.      0.      0.    ]"
VENOM WYRM,color,w,ShapleyVec_True_0.5_18_color_LR,ShapleyVec_beauty/color/,"SEED PEARL, FUJI SNOW, ORANGE ESSENTIAL, RIVIERA BEACH, NECRON COMPOUND, WOODEN CABIN, AMERICAN ROAST, ANTIQUITY, NEPAL, FIREBIRD TAIL LIGHTS, CHAI TEA, VENOM WYRM, SUPERIOR BRONZE, ALPHA BLUE, FALU RED, CRUSADE KING, AWARD BLUE, PITMASTON PEAR YELLOW","[ 0.      0.0893  0.      0.     -0.0932  0.      0.      0.      0.
  0.      0.      0.0443  0.      0.      0.      0.      0.      0.
  0.      0.      0.      0.      0.      0.0509  0.      0.      0.
  0.      0.1986  0.      0.      0.     -0.2039  0.105   0.      0.
  0.      0.      0.0078  0.      0.      0.      0.      0.      0.
  0.      0.      0.      0.      0.      0.      0.      0.      0.
  0.0727  0.      0.0274  0.      0.      0.      0.      0.      0.0471
  0.      0.      0.      0.     -0.0457 -0.1432  0.      0.      0.
  0.      0.      0.      0.      0.      0.      0.      0.0803  0.
  0.      0.      0.      0.      0.      0.      0.      0.      0.
  0.      0.      0.      0.      0.      0.      0.      0.2138  0.
  0.      0.     -0.2751  0.      0.      0.      0.      0.      0.
  0.      0.      0.      0.      0.      0.      0.      0.      0.
  0.      0.      0.     -0.0098  0.      0.     -0.116   0.      0.
  0.      0.0875  0.      0.      0.      0.      0.     -0.0711  0.
  0.      0.      0.      0.      0.      0.      0.      0.      0.
  0.      0.      0.      0.      0.1301  0.      0.      0.      0.
  0.      0.      0.      0.      0.     -0.0887 -0.0123  0.      0.
  0.      0.     -0.09    0.175   0.      0.      0.0038  0.      0.
  0.      0.1419 -0.1997  0.      0.      0.      0.      0.      0.
 -0.0278  0.      0.      0.1065  0.      0.      0.      0.      0.
  0.      0.      0.      0.      0.      0.      0.      0.     -0.1389
  0.      0.      0.     -0.0204  0.      0.     -0.0968  0.      0.
  0.      0.      0.      0.      0.      0.      0.      0.      0.
  0.      0.      0.     -0.1247  0.      0.      0.      0.     -0.0738
  0.      0.      0.      0.      0.      0.      0.      0.      0.
  0.      0.      0.      0.      0.      0.      0.      0.      0.
 -0.0865  0.     -0.1044  0.      0.      0.      0.      0.      0.
  0.     -0.0273  0.      0.      0.0485  0.      0.      0.      0.1388
  0.      0.      0.      0.     -0.0742  0.      0.      0.      0.
  0.      0.     -0.1331  0.      0.     -0.0121  0.      0.     -0.0158
  0.      0.      0.      0.      0.      0.      0.      0.      0.
  0.      0.      0.      0.      0.      0.      0.     -0.0579  0.
  0.      0.      0.      0.      0.      0.      0.      0.0953 -0.0915
  0.      0.      0.      0.0733  0.     -0.0991  0.     -0.0148  0.
  0.      0.      0.      0.      0.     -0.0314  0.      0.      0.
  0.      0.     -0.1458  0.      0.      0.0357  0.      0.      0.
  0.      0.      0.      0.      0.      0.      0.      0.      0.
  0.      0.     -0.0553  0.1511  0.      0.      0.      0.0548  0.
  0.      0.      0.      0.      0.      0.      0.      0.      0.
  0.      0.      0.      0.      0.      0.      0.      0.      0.
  0.      0.      0.      0.      0.     -0.0283  0.      0.      0.
  0.      0.      0.      0.      0.      0.      0.      0.      0.
  0.1924  0.      0.      0.      0.      0.      0.2491  0.      0.
 -0.0843  0.      0.      0.      0.      0.      0.      0.     -0.1518
  0.      0.      0.      0.      0.      0.      0.      0.      0.
  0.      0.      0.      0.      0.      0.      0.      0.      0.0515
  0.      0.      0.      0.      0.0244  0.      0.      0.      0.
  0.      0.      0.1722  0.      0.      0.      0.     -0.16    0.
  0.0545  0.      0.      0.      0.0091  0.      0.      0.1427  0.
  0.      0.      0.      0.0472  0.      0.      0.      0.      0.
  0.      0.      0.      0.      0.      0.     -0.1157 -0.109   0.
  0.      0.      0.      0.      0.      0.      0.      0.      0.1273
  0.      0.      0.      0.      0.      0.      0.      0.      0.
  0.      0.      0.     -0.0725  0.      0.      0.      0.0715  0.
  0.0025  0.      0.      0.      0.2023  0.      0.      0.      0.
  0.0907  0.      0.2112 -0.0559  0.      0.      0.      0.    ]"
SUPERIOR BRONZE,color,w,ShapleyVec_True_0.5_18_color_LR,ShapleyVec_beauty/color/,"SEED PEARL, FUJI SNOW, ORANGE ESSENTIAL, RIVIERA BEACH, NECRON COMPOUND, WOODEN CABIN, AMERICAN ROAST, ANTIQUITY, NEPAL, FIREBIRD TAIL LIGHTS, CHAI TEA, VENOM WYRM, SUPERIOR BRONZE, ALPHA BLUE, FALU RED, CRUSADE KING, AWARD BLUE, PITMASTON PEAR YELLOW","[ 0.0611  0.      0.      0.     -0.0028  0.      0.      0.     -0.0263
  0.      0.     -0.1716  0.      0.      0.      0.     -0.0325  0.
  0.1181  0.      0.      0.      0.      0.      0.      0.      0.
  0.      0.      0.      0.      0.      0.      0.      0.      0.
  0.      0.     -0.1328  0.      0.      0.      0.      0.      0.
  0.      0.0673  0.      0.      0.      0.      0.      0.0028  0.
  0.      0.      0.      0.      0.      0.      0.     -0.044   0.
  0.      0.      0.      0.      0.      0.     -0.0396 -0.1981  0.
  0.      0.      0.      0.      0.      0.      0.      0.      0.0403
  0.      0.      0.      0.      0.      0.      0.      0.      0.
  0.      0.     -0.0757  0.      0.      0.      0.      0.      0.
  0.      0.      0.      0.      0.      0.      0.      0.      0.
  0.      0.      0.      0.      0.      0.1264 -0.1682  0.      0.
  0.      0.      0.      0.      0.      0.      0.      0.      0.
  0.      0.      0.     -0.0462  0.1119  0.      0.      0.1261  0.
  0.      0.      0.      0.      0.      0.      0.      0.      0.
  0.      0.      0.      0.      0.      0.      0.      0.      0.
 -0.0444  0.      0.      0.      0.      0.      0.0423  0.      0.
  0.      0.      0.      0.      0.      0.      0.      0.     -0.1607
  0.      0.      0.      0.      0.      0.      0.      0.      0.
  0.      0.      0.      0.      0.      0.      0.      0.      0.
  0.      0.      0.      0.      0.      0.      0.      0.      0.
  0.      0.      0.      0.      0.      0.0942  0.0537  0.      0.
  0.      0.      0.      0.      0.     -0.1433  0.      0.      0.
  0.      0.      0.      0.      0.      0.     -0.1544  0.     -0.1652
  0.      0.      0.     -0.0589  0.      0.      0.      0.      0.
  0.      0.      0.1585  0.      0.      0.      0.      0.      0.
 -0.198   0.      0.1955  0.      0.      0.      0.      0.      0.
 -0.0533  0.0385  0.      0.      0.      0.      0.      0.      0.
  0.      0.      0.      0.1207  0.0816  0.      0.     -0.1355  0.
  0.      0.0287  0.      0.      0.     -0.2183  0.      0.      0.
  0.      0.      0.      0.      0.      0.0367  0.      0.      0.
  0.      0.     -0.1278  0.      0.      0.      0.      0.0218  0.
  0.      0.      0.      0.      0.      0.      0.      0.      0.
  0.      0.      0.      0.      0.      0.     -0.1458 -0.032   0.
  0.      0.      0.      0.      0.      0.      0.      0.      0.
  0.      0.      0.      0.      0.      0.      0.0228  0.      0.
  0.      0.0303  0.      0.      0.      0.      0.      0.      0.
  0.      0.      0.0135  0.      0.      0.      0.      0.      0.0258
  0.0568  0.      0.      0.      0.      0.      0.      0.      0.21
  0.      0.      0.      0.      0.      0.     -0.0244  0.      0.
  0.      0.     -0.0864  0.      0.     -0.0735  0.     -0.2269 -0.1393
  0.      0.      0.      0.      0.      0.      0.      0.      0.
  0.      0.      0.      0.      0.      0.      0.      0.      0.
  0.0993  0.      0.      0.      0.      0.      0.     -0.0349  0.2458
  0.     -0.0197  0.      0.      0.      0.      0.      0.      0.
  0.      0.      0.      0.      0.      0.0348  0.      0.     -0.1824
  0.      0.      0.      0.      0.      0.      0.      0.      0.
  0.      0.     -0.0706  0.      0.     -0.0574  0.     -0.0172  0.
  0.      0.      0.      0.     -0.1092  0.      0.     -0.1699  0.
  0.      0.1831  0.      0.      0.      0.      0.      0.      0.
  0.      0.      0.      0.      0.      0.     -0.0856 -0.1245  0.
  0.      0.      0.      0.      0.      0.      0.      0.     -0.2497
  0.      0.1313  0.      0.      0.      0.      0.1073  0.0746  0.0534
  0.      0.      0.      0.      0.      0.      0.0633  0.      0.
  0.      0.      0.      0.      0.      0.0202  0.      0.      0.
  0.      0.      0.0462  0.      0.      0.      0.      0.    ]"
ALPHA BLUE,color,w,ShapleyVec_True_0.5_18_color_LR,ShapleyVec_beauty/color/,"SEED PEARL, FUJI SNOW, ORANGE ESSENTIAL, RIVIERA BEACH, NECRON COMPOUND, WOODEN CABIN, AMERICAN ROAST, ANTIQUITY, NEPAL, FIREBIRD TAIL LIGHTS, CHAI TEA, VENOM WYRM, SUPERIOR BRONZE, ALPHA BLUE, FALU RED, CRUSADE KING, AWARD BLUE, PITMASTON PEAR YELLOW","[ 0.144   0.      0.      0.      0.     -0.0812  0.      0.      0.
  0.      0.      0.      0.      0.      0.      0.      0.0241  0.
  0.      0.      0.      0.      0.     -0.1428  0.      0.      0.
  0.      0.      0.      0.      0.      0.      0.0608  0.      0.
  0.1586  0.     -0.1469  0.      0.      0.      0.      0.      0.
  0.     -0.2131  0.      0.      0.      0.11    0.      0.0674  0.
  0.      0.      0.      0.      0.      0.      0.      0.      0.
  0.      0.      0.      0.      0.     -0.1202 -0.1232  0.1581  0.
  0.      0.      0.      0.      0.      0.      0.      0.      0.
  0.     -0.0719  0.      0.      0.      0.      0.      0.      0.
  0.      0.      0.      0.      0.      0.      0.      0.      0.
  0.      0.     -0.065   0.      0.      0.      0.      0.      0.
  0.      0.      0.      0.      0.      0.      0.      0.      0.
  0.      0.      0.      0.      0.      0.     -0.0804  0.      0.
  0.      0.      0.      0.     -0.2027  0.      0.      0.      0.
  0.      0.      0.      0.      0.      0.      0.      0.      0.
  0.      0.      0.      0.      0.      0.      0.      0.      0.
 -0.052   0.      0.      0.      0.     -0.0918 -0.0932 -0.1088  0.
  0.      0.      0.      0.      0.      0.      0.      0.      0.
  0.      0.      0.      0.      0.      0.      0.      0.      0.1473
  0.     -0.0603  0.      0.      0.      0.      0.      0.      0.
  0.2623  0.      0.      0.      0.      0.      0.      0.     -0.1419
  0.      0.      0.     -0.0868  0.      0.     -0.0819  0.      0.
 -0.1461  0.      0.      0.      0.      0.     -0.0954  0.      0.
  0.      0.      0.      0.     -0.1387  0.      0.      0.      0.
  0.      0.      0.      0.      0.      0.      0.     -0.0308  0.
  0.      0.      0.1539  0.      0.      0.      0.      0.      0.
  0.0015  0.      0.      0.      0.      0.      0.1033  0.      0.
  0.      0.      0.      0.      0.      0.      0.      0.      0.
  0.      0.      0.      0.      0.      0.      0.      0.      0.
  0.      0.      0.      0.      0.     -0.094   0.      0.      0.
  0.      0.      0.      0.      0.      0.      0.      0.      0.
  0.0204  0.      0.      0.      0.      0.      0.      0.      0.
  0.      0.      0.      0.      0.      0.      0.      0.1332  0.
  0.      0.      0.      0.      0.      0.      0.      0.1778  0.
  0.      0.      0.      0.      0.      0.      0.      0.      0.
  0.      0.      0.      0.      0.      0.1238  0.      0.      0.
  0.      0.     -0.1825  0.      0.      0.      0.      0.      0.
  0.1265  0.      0.0835  0.      0.      0.      0.      0.      0.
  0.0349  0.      0.      0.      0.      0.      0.     -0.07    0.
  0.      0.      0.      0.      0.      0.      0.      0.      0.
  0.      0.     -0.0267  0.      0.      0.      0.      0.1027  0.
  0.      0.      0.      0.      0.      0.      0.      0.      0.
  0.      0.      0.      0.      0.      0.      0.      0.      0.
  0.      0.      0.      0.      0.      0.      0.     -0.018   0.
  0.      0.      0.      0.      0.      0.     -0.0672  0.      0.
  0.      0.      0.      0.      0.      0.      0.1947  0.      0.1128
  0.      0.      0.      0.     -0.0061  0.      0.      0.      0.
 -0.0939  0.      0.1778  0.      0.      0.      0.      0.      0.1362
  0.0073  0.      0.      0.      0.0606  0.      0.      0.      0.
  0.      0.      0.      0.      0.      0.      0.     -0.2085  0.
  0.      0.      0.      0.      0.      0.      0.      0.1202  0.
  0.      0.      0.      0.      0.      0.      0.      0.     -0.0876
  0.      0.      0.      0.      0.      0.      0.     -0.1689  0.
  0.0919  0.      0.      0.     -0.002  -0.1209  0.     -0.1154  0.
  0.      0.      0.      0.      0.     -0.1295  0.      0.      0.
  0.      0.      0.1419  0.     -0.2219  0.      0.      0.    ]"
FALU RED,color,w,ShapleyVec_True_0.5_18_color_LR,ShapleyVec_beauty/color/,"SEED PEARL, FUJI SNOW, ORANGE ESSENTIAL, RIVIERA BEACH, NECRON COMPOUND, WOODEN CABIN, AMERICAN ROAST, ANTIQUITY, NEPAL, FIREBIRD TAIL LIGHTS, CHAI TEA, VENOM WYRM, SUPERIOR BRONZE, ALPHA BLUE, FALU RED, CRUSADE KING, AWARD BLUE, PITMASTON PEAR YELLOW","[ 0.      0.      0.      0.      0.     -0.2325  0.      0.      0.0227
  0.      0.     -0.1286  0.      0.      0.      0.      0.0801  0.
  0.      0.      0.      0.      0.      0.      0.     -0.0862  0.
  0.      0.      0.      0.      0.      0.      0.      0.      0.
  0.      0.     -0.0696  0.      0.      0.      0.      0.      0.
  0.      0.      0.      0.      0.      0.      0.     -0.0575  0.
  0.      0.      0.      0.      0.      0.      0.      0.      0.
  0.      0.      0.      0.      0.1018  0.     -0.1101  0.      0.
  0.      0.      0.      0.      0.      0.      0.      0.      0.
  0.      0.0221  0.      0.      0.      0.      0.      0.      0.
  0.      0.      0.1252  0.      0.      0.0791  0.      0.      0.
  0.      0.1111  0.1481  0.      0.      0.      0.      0.      0.
  0.      0.      0.      0.      0.      0.      0.      0.      0.
  0.      0.      0.      0.0669  0.      0.      0.0526  0.      0.
  0.      0.      0.     -0.0599  0.      0.      0.1759  0.1752  0.
  0.      0.      0.     -0.1383  0.      0.      0.      0.      0.
  0.      0.      0.      0.      0.      0.      0.      0.     -0.0552
  0.1194  0.      0.      0.      0.      0.0985  0.      0.      0.
  0.      0.     -0.0847 -0.1206  0.      0.      0.      0.      0.
  0.     -0.1097  0.      0.      0.      0.      0.      0.      0.
  0.      0.      0.      0.      0.      0.     -0.0565  0.      0.
  0.      0.      0.112   0.      0.      0.      0.      0.0605  0.
  0.      0.      0.     -0.0255  0.      0.      0.      0.      0.
  0.      0.      0.      0.      0.      0.      0.      0.      0.
  0.      0.      0.      0.      0.      0.      0.      0.      0.
  0.      0.      0.      0.      0.      0.      0.      0.0919  0.1524
  0.      0.     -0.0605  0.      0.      0.      0.      0.      0.
  0.165   0.      0.0962  0.      0.      0.      0.      0.      0.
 -0.0402  0.0094  0.      0.      0.      0.      0.      0.     -0.0685
  0.      0.1799 -0.102   0.      0.0764  0.     -0.1368  0.      0.
  0.      0.      0.      0.      0.      0.      0.      0.      0.
  0.      0.      0.1067  0.      0.     -0.0433  0.      0.      0.
  0.      0.     -0.1179  0.      0.      0.      0.      0.      0.
  0.      0.      0.      0.      0.      0.      0.      0.      0.
  0.     -0.1247  0.     -0.2687  0.     -0.1382  0.0792 -0.0168  0.
  0.      0.      0.      0.      0.      0.      0.      0.      0.
  0.      0.      0.      0.      0.      0.0252 -0.1751  0.      0.
  0.      0.      0.0588  0.      0.      0.      0.      0.      0.
  0.      0.      0.143   0.      0.      0.      0.     -0.0271  0.
 -0.09   -0.0552  0.      0.      0.      0.      0.      0.      0.
  0.      0.      0.      0.      0.      0.      0.      0.      0.
  0.      0.      0.      0.      0.      0.      0.     -0.0441 -0.0688
  0.      0.      0.      0.      0.      0.      0.      0.      0.
 -0.1918  0.      0.1256  0.      0.      0.      0.      0.      0.
  0.1559  0.      0.      0.      0.      0.      0.     -0.0218  0.
  0.      0.      0.      0.      0.      0.      0.      0.      0.
 -0.19    0.      0.      0.      0.      0.      0.      0.      0.1347
  0.      0.      0.      0.      0.      0.     -0.0976  0.      0.
  0.      0.      0.      0.      0.      0.      0.      0.      0.
  0.0945  0.      0.      0.      0.064   0.      0.      0.      0.
  0.1834  0.      0.      0.      0.      0.      0.      0.      0.
 -0.1062  0.      0.      0.      0.      0.      0.1529  0.1207  0.
  0.      0.      0.      0.      0.      0.      0.      0.      0.
  0.      0.      0.      0.      0.      0.      0.      0.199   0.
  0.      0.      0.      0.      0.      0.      0.      0.1     0.
  0.      0.      0.      0.      0.      0.      0.      0.      0.
  0.     -0.094   0.      0.      0.      0.      0.      0.    ]"
CRUSADE KING,color,w,ShapleyVec_True_0.5_18_color_LR,ShapleyVec_beauty/color/,"SEED PEARL, FUJI SNOW, ORANGE ESSENTIAL, RIVIERA BEACH, NECRON COMPOUND, WOODEN CABIN, AMERICAN ROAST, ANTIQUITY, NEPAL, FIREBIRD TAIL LIGHTS, CHAI TEA, VENOM WYRM, SUPERIOR BRONZE, ALPHA BLUE, FALU RED, CRUSADE KING, AWARD BLUE, PITMASTON PEAR YELLOW","[-0.1349 -0.0851 -0.0673  0.     -0.112   0.1428  0.      0.      0.
  0.      0.      0.      0.      0.      0.      0.      0.      0.
  0.      0.      0.      0.      0.      0.      0.      0.      0.
  0.      0.      0.      0.     -0.0651  0.      0.      0.      0.
 -0.2161  0.      0.      0.      0.      0.      0.      0.      0.
  0.      0.      0.      0.      0.     -0.1189  0.     -0.1061  0.
  0.0147  0.      0.      0.      0.      0.      0.      0.      0.
  0.      0.      0.      0.      0.      0.     -0.0801  0.      0.
  0.      0.      0.      0.      0.      0.      0.0642  0.      0.
  0.      0.0685  0.     -0.1461  0.      0.      0.      0.      0.
 -0.1146  0.      0.1648  0.      0.      0.      0.      0.      0.
  0.      0.      0.      0.     -0.0533  0.      0.      0.      0.
  0.      0.      0.      0.      0.     -0.1305  0.      0.      0.
  0.      0.      0.      0.      0.      0.      0.      0.      0.
  0.      0.      0.      0.0869  0.      0.      0.      0.      0.
  0.      0.      0.      0.0465  0.      0.      0.      0.      0.
  0.      0.      0.      0.      0.2451  0.      0.      0.     -0.1769
  0.0052  0.0424  0.      0.      0.     -0.0168  0.      0.      0.
  0.      0.     -0.2145  0.      0.      0.      0.      0.      0.
  0.      0.      0.      0.      0.      0.      0.      0.      0.
  0.      0.1836  0.      0.      0.      0.      0.      0.      0.
  0.      0.      0.      0.      0.      0.      0.      0.0222 -0.0283
  0.      0.      0.     -0.1493  0.      0.      0.      0.      0.
  0.      0.      0.      0.      0.      0.      0.      0.      0.
  0.      0.      0.      0.0404  0.      0.      0.      0.     -0.2057
  0.     -0.2157  0.      0.      0.      0.1279  0.      0.      0.
  0.      0.      0.      0.1661  0.      0.      0.      0.      0.
 -0.0924  0.      0.      0.      0.      0.     -0.0037  0.      0.
  0.     -0.0398  0.      0.     -0.0125  0.      0.      0.      0.
  0.      0.      0.      0.      0.      0.      0.      0.0683  0.
 -0.2142  0.      0.      0.      0.      0.      0.      0.      0.0415
  0.      0.     -0.1265  0.      0.      0.      0.      0.      0.
  0.      0.      0.      0.      0.      0.      0.     -0.0644  0.
  0.136  -0.0317  0.      0.      0.      0.      0.      0.0226  0.
  0.      0.      0.      0.      0.     -0.0355 -0.0721 -0.0573  0.
  0.      0.      0.      0.      0.      0.1285  0.      0.      0.
  0.      0.      0.0713  0.      0.     -0.1368  0.0652 -0.1254  0.
  0.     -0.0395  0.      0.      0.      0.      0.      0.      0.
  0.      0.      0.0167  0.      0.      0.      0.      0.      0.
  0.      0.      0.      0.      0.      0.      0.      0.      0.
  0.      0.      0.      0.      0.      0.      0.     -0.034   0.
  0.      0.      0.1463  0.      0.      0.105   0.      0.      0.
  0.      0.      0.      0.     -0.005   0.      0.      0.      0.
  0.      0.      0.      0.      0.      0.     -0.0842  0.      0.
 -0.0584  0.      0.      0.      0.      0.      0.      0.      0.
  0.      0.      0.      0.      0.      0.      0.      0.      0.
  0.      0.0994  0.      0.     -0.0698  0.      0.      0.      0.
  0.1333  0.      0.      0.      0.0013  0.      0.      0.      0.
  0.      0.     -0.0463  0.      0.     -0.1407  0.     -0.067   0.
  0.      0.      0.      0.      0.     -0.1701  0.      0.      0.
  0.      0.      0.      0.      0.      0.      0.      0.0855  0.
  0.      0.      0.      0.      0.      0.      0.      0.      0.
  0.      0.      0.      0.      0.      0.     -0.0617  0.      0.
  0.      0.      0.      0.      0.      0.      0.      0.      0.
 -0.0813  0.      0.      0.      0.      0.0359  0.1011  0.0434  0.
  0.      0.      0.      0.      0.      0.      0.      0.      0.
 -0.1521  0.0639 -0.1201  0.0378  0.2049  0.      0.      0.    ]"
AWARD BLUE,color,w,ShapleyVec_True_0.5_18_color_LR,ShapleyVec_beauty/color/,"SEED PEARL, FUJI SNOW, ORANGE ESSENTIAL, RIVIERA BEACH, NECRON COMPOUND, WOODEN CABIN, AMERICAN ROAST, ANTIQUITY, NEPAL, FIREBIRD TAIL LIGHTS, CHAI TEA, VENOM WYRM, SUPERIOR BRONZE, ALPHA BLUE, FALU RED, CRUSADE KING, AWARD BLUE, PITMASTON PEAR YELLOW","[-0.1     0.      0.      0.      0.      0.      0.      0.      0.1462
  0.      0.      0.      0.      0.      0.      0.      0.      0.
  0.      0.      0.      0.      0.      0.      0.      0.      0.
  0.      0.      0.      0.      0.      0.1252  0.      0.      0.
  0.      0.     -0.1565  0.      0.      0.      0.      0.      0.
  0.      0.      0.      0.      0.      0.128   0.      0.0881  0.
  0.      0.     -0.0207  0.      0.      0.      0.      0.     -0.1223
  0.      0.      0.      0.192  -0.2641  0.     -0.1733  0.      0.
  0.      0.      0.      0.      0.      0.      0.0056  0.2656  0.
  0.     -0.0809  0.      0.      0.      0.      0.      0.      0.
  0.      0.      0.      0.      0.      0.      0.      0.      0.
  0.      0.      0.      0.      0.      0.      0.      0.      0.
  0.      0.      0.      0.      0.      0.0466  0.      0.      0.
  0.      0.      0.      0.097   0.      0.      0.      0.      0.
  0.      0.      0.      0.0415  0.      0.      0.      0.      0.
  0.1645  0.      0.      0.0885  0.      0.      0.      0.      0.
  0.0975  0.      0.      0.     -0.2023  0.      0.      0.      0.
 -0.0813  0.      0.      0.      0.     -0.0729 -0.2582 -0.0962  0.
  0.      0.      0.      0.      0.      0.      0.      0.      0.
  0.      0.      0.      0.      0.      0.      0.      0.      0.
  0.      0.      0.      0.134   0.      0.      0.1251  0.      0.
  0.      0.      0.      0.      0.      0.      0.1397  0.      0.
  0.      0.0738 -0.074  -0.0773  0.      0.     -0.125   0.      0.
  0.      0.      0.      0.      0.      0.      0.      0.      0.
  0.      0.      0.      0.1261  0.      0.      0.      0.      0.0055
  0.      0.      0.      0.      0.      0.      0.      0.      0.
  0.      0.      0.      0.      0.      0.      0.      0.      0.
  0.      0.      0.      0.      0.      0.      0.      0.      0.
 -0.0302  0.      0.      0.      0.      0.      0.      0.      0.
  0.      0.      0.      0.      0.      0.      0.      0.      0.
  0.      0.0935  0.      0.      0.      0.      0.      0.      0.
  0.      0.      0.      0.      0.     -0.0729  0.      0.      0.
  0.      0.1165  0.0355  0.      0.      0.      0.     -0.1353  0.
  0.     -0.0794  0.      0.      0.      0.      0.      0.      0.
  0.      0.0582  0.      0.      0.      0.1219  0.194   0.      0.
  0.      0.      0.      0.      0.      0.      0.      0.      0.
  0.      0.      0.      0.      0.      0.0355  0.      0.     -0.109
  0.      0.1021  0.      0.      0.      0.      0.      0.      0.
  0.      0.      0.1234 -0.0264  0.      0.      0.      0.      0.
  0.0523  0.      0.      0.      0.      0.      0.      0.1578  0.1474
  0.      0.      0.     -0.0978  0.      0.     -0.0885  0.      0.
  0.      0.      0.      0.      0.      0.0467  0.     -0.0318  0.
  0.      0.      0.      0.     -0.1095  0.      0.      0.      0.
  0.      0.      0.      0.      0.0754  0.      0.      0.      0.
  0.      0.      0.      0.      0.      0.      0.      0.0696  0.
  0.      0.      0.      0.      0.      0.      0.      0.      0.
  0.      0.      0.      0.     -0.062   0.      0.      0.      0.
  0.      0.      0.      0.      0.      0.      0.1078  0.      0.
  0.      0.      0.0852  0.      0.     -0.1206 -0.0447 -0.1288  0.
  0.      0.      0.      0.      0.      0.      0.      0.0925  0.
  0.      0.     -0.0747  0.      0.      0.      0.      0.1143  0.
  0.      0.      0.      0.      0.      0.     -0.0841  0.      0.
  0.      0.      0.      0.      0.      0.     -0.0782  0.     -0.0602
  0.      0.      0.      0.      0.      0.      0.     -0.0005 -0.038
  0.      0.      0.      0.1637 -0.0647  0.1078  0.      0.      0.
  0.      0.      0.      0.      0.0294  0.      0.      0.      0.
  0.      0.      0.      0.      0.      0.      0.      0.    ]"
PITMASTON PEAR YELLOW,color,w,ShapleyVec_True_0.5_18_color_LR,ShapleyVec_beauty/color/,"SEED PEARL, FUJI SNOW, ORANGE ESSENTIAL, RIVIERA BEACH, NECRON COMPOUND, WOODEN CABIN, AMERICAN ROAST, ANTIQUITY, NEPAL, FIREBIRD TAIL LIGHTS, CHAI TEA, VENOM WYRM, SUPERIOR BRONZE, ALPHA BLUE, FALU RED, CRUSADE KING, AWARD BLUE, PITMASTON PEAR YELLOW","[-0.1312 -0.1297  0.      0.      0.      0.      0.      0.     -0.0048
  0.      0.      0.      0.      0.      0.      0.     -0.055   0.
  0.      0.      0.      0.      0.     -0.0354  0.      0.      0.
  0.      0.      0.      0.      0.      0.     -0.0346  0.      0.
  0.      0.      0.      0.      0.      0.      0.      0.      0.
  0.     -0.2295  0.      0.      0.     -0.0468  0.     -0.1224  0.
  0.      0.     -0.0036  0.      0.      0.      0.      0.      0.
  0.      0.      0.      0.     -0.2138 -0.1143  0.      0.      0.
  0.      0.      0.      0.      0.      0.      0.0444  0.      0.
  0.      0.      0.      0.      0.      0.      0.      0.      0.
  0.      0.      0.      0.      0.      0.      0.      0.      0.
  0.      0.      0.0477  0.      0.      0.      0.      0.      0.
  0.      0.      0.      0.      0.      0.      0.      0.      0.
  0.      0.      0.      0.      0.1419  0.      0.      0.      0.
  0.      0.      0.      0.      0.      0.      0.     -0.0561  0.
  0.      0.      0.      0.      0.      0.      0.      0.      0.
  0.      0.      0.      0.      0.      0.      0.      0.      0.
  0.      0.      0.      0.      0.      0.0881  0.      0.      0.
  0.      0.      0.      0.      0.      0.      0.      0.      0.
  0.      0.      0.      0.      0.      0.118   0.      0.      0.
  0.      0.      0.     -0.1327  0.      0.      0.      0.      0.
  0.      0.      0.      0.      0.      0.      0.     -0.0325  0.
  0.      0.      0.      0.0437  0.      0.      0.      0.      0.
  0.      0.      0.      0.      0.      0.      0.      0.      0.
  0.      0.      0.      0.      0.      0.      0.      0.      0.
  0.      0.      0.      0.      0.      0.      0.      0.      0.
  0.101   0.      0.      0.      0.      0.      0.      0.      0.
  0.      0.      0.      0.      0.      0.      0.1994  0.      0.
  0.0839  0.      0.      0.      0.      0.      0.      0.      0.1027
  0.      0.      0.      0.      0.1796  0.      0.      0.1335  0.
  0.      0.      0.      0.      0.      0.      0.      0.      0.06
  0.      0.      0.1341  0.      0.     -0.0366  0.      0.      0.
  0.      0.      0.      0.      0.      0.      0.      0.      0.
  0.1072 -0.1321  0.      0.      0.      0.      0.     -0.1075  0.
  0.      0.      0.     -0.0715  0.      0.0739 -0.0149 -0.098   0.
  0.      0.      0.      0.1177  0.     -0.0158  0.      0.      0.
  0.     -0.0953  0.188   0.      0.1433 -0.0608  0.      0.     -0.0867
  0.      0.      0.      0.      0.      0.      0.      0.      0.
  0.      0.      0.0432  0.      0.      0.      0.      0.      0.1415
  0.1063  0.      0.      0.      0.      0.      0.      0.      0.
  0.      0.      0.      0.      0.      0.     -0.1841  0.      0.
  0.      0.      0.1283  0.      0.      0.      0.      0.      0.0623
  0.      0.      0.      0.     -0.1976  0.      0.      0.      0.
  0.     -0.2474  0.      0.      0.      0.      0.      0.      0.
  0.1281  0.      0.      0.      0.      0.      0.     -0.0537  0.0741
  0.      0.      0.      0.      0.      0.      0.      0.      0.
  0.      0.      0.1754  0.      0.      0.     -0.1077  0.      0.
  0.      0.      0.      0.      0.0246  0.     -0.0988  0.      0.
  0.      0.      0.      0.      0.      0.      0.     -0.2059  0.
 -0.0771  0.      0.      0.      0.      0.      0.      0.      0.
  0.      0.      0.     -0.0831  0.      0.      0.      0.0676  0.
  0.      0.      0.      0.      0.      0.      0.1079  0.      0.
  0.      0.      0.      0.      0.164   0.      0.      0.     -0.1464
  0.      0.      0.      0.      0.      0.      0.      0.0895  0.
  0.      0.      0.      0.      0.      0.1448  0.0528 -0.0259  0.
  0.      0.      0.      0.      0.      0.      0.      0.      0.
  0.     -0.1942 -0.1234  0.      0.      0.      0.      0.    ]"
